title,release_year,genre
Stellar Run,2025,Sci-Fi
Dark Orbit,2025,Sci-Fi
Last Kingdom,2025,Drama
Laugh Riot,2025,Comedy
Neon Chase,2024,Action
Heart Signals,2024,Romance
Midnight Clue,2025,Thriller
Cloud Canvas,2025,Animation
Romance Tale 9,2023,Romance
Animation Tale 10,2025,Animation
Sci-Fi Tale 11,2023,Sci-Fi
Drama Tale 12,2024,Drama
Sci-Fi Tale 13,2025,Sci-Fi
Action Tale 14,2023,Action
Drama Tale 15,2024,Drama
Animation Tale 16,2023,Animation
Action Tale 17,2023,Action
Animation Tale 18,2023,Animation
Drama Tale 19,2023,Drama
Sci-Fi Tale 20,2025,Sci-Fi
Animation Tale 21,2023,Animation
Action Tale 22,2023,Action
Comedy Tale 23,2024,Comedy
Animation Tale 24,2023,Animation
Drama Tale 25,2025,Drama
Thriller Tale 26,2025,Thriller
Comedy Tale 27,2023,Comedy
Action Tale 28,2024,Action
Drama Tale 29,2025,Drama
Drama Tale 30,2025,Drama
Sci-Fi Tale 31,2025,Sci-Fi
Action Tale 32,2024,Action
Animation Tale 33,2024,Animation
Fantasy Tale 34,2025,Fantasy
Fantasy Tale 35,2024,Fantasy
Thriller Tale 36,2023,Thriller
Comedy Tale 37,2025,Comedy
Action Tale 38,2023,Action
Thriller Tale 39,2025,Thriller
Fantasy Tale 40,2024,Fantasy
