city,segment
Sydney,Millennials
Toronto,Family
Delhi,Casual
Tokyo,Gen Z
Los Angeles,Gen Z
Sydney,Premium
Mumbai,Sports fans
Delhi,Casual
Toronto,Millennials
Los Angeles,Sports fans
Los Angeles,Casual
Sydney,Casual
Sydney,Family
Delhi,Millennials
Sydney,Sports fans
Delhi,Family
New York,Sports fans
Toronto,Sports fans
Sydney,Millennials
Tokyo,Sports fans
Los Angeles,Family
Sydney,Millennials
Bengaluru,Casual
Delhi,Premium
Mumbai,Gen Z
New York,Gen Z
London,Premium
Tokyo,Premium
Delhi,Gen Z
Sydney,Premium
Berlin,Millennials
Bengaluru,Premium
Berlin,Millennials
Tokyo,Millennials
Tokyo,Gen Z
Bengaluru,Family
Bengaluru,Gen Z
London,Sports fans
London,Family
Sydney,Casual
Bengaluru,Millennials
New York,Family
Bengaluru,Premium
Berlin,Millennials
Toronto,Casual
Los Angeles,Gen Z
Berlin,Casual
Mumbai,Premium
Berlin,Premium
Tokyo,Premium
Tokyo,Family
Sydney,Sports fans
Tokyo,Family
London,Family
London,Premium
Bengaluru,Family
Los Angeles,Casual
Mumbai,Family
Mumbai,Casual
Bengaluru,Casual
Delhi,Millennials
Toronto,Family
Delhi,Gen Z
Toronto,Premium
Bengaluru,Sports fans
New York,Millennials
Toronto,Millennials
Sydney,Family
Delhi,Premium
Sydney,Premium
Sydney,Millennials
Delhi,Gen Z
Delhi,Sports fans
Los Angeles,Sports fans
New York,Premium
Bengaluru,Casual
Mumbai,Gen Z
Berlin,Millennials
Bengaluru,Sports fans
Berlin,Family
Berlin,Millennials
Delhi,Sports fans
New York,Casual
Los Angeles,Gen Z
Los Angeles,Gen Z
Berlin,Casual
Berlin,Millennials
London,Casual
London,Gen Z
Tokyo,Sports fans
London,Gen Z
Berlin,Premium
Los Angeles,Sports fans
Mumbai,Family
New York,Premium
New York,Gen Z
Toronto,Millennials
Sydney,Sports fans
Los Angeles,Millennials
Delhi,Gen Z
Delhi,Gen Z
Sydney,Gen Z
Los Angeles,Gen Z
Sydney,Casual
Toronto,Family
Sydney,Sports fans
Los Angeles,Sports fans
Delhi,Sports fans
Delhi,Premium
London,Premium
Bengaluru,Premium
Los Angeles,Family
Tokyo,Premium
Tokyo,Sports fans
Delhi,Sports fans
Bengaluru,Gen Z
Bengaluru,Family
Bengaluru,Casual
Sydney,Sports fans
Bengaluru,Casual
Toronto,Premium
Los Angeles,Gen Z
Berlin,Casual
Bengaluru,Family
Mumbai,Sports fans
Delhi,Casual
Bengaluru,Premium
London,Gen Z
Mumbai,Millennials
London,Millennials
Berlin,Gen Z
Toronto,Millennials
New York,Casual
Tokyo,Gen Z
Mumbai,Sports fans
Los Angeles,Premium
Toronto,Casual
Tokyo,Casual
Bengaluru,Casual
Bengaluru,Casual
Berlin,Family
Sydney,Gen Z
Toronto,Family
Bengaluru,Gen Z
Bengaluru,Premium
Toronto,Sports fans
Delhi,Casual
Mumbai,Millennials
Berlin,Casual
Berlin,Premium
Delhi,Casual
Mumbai,Gen Z
London,Millennials
Mumbai,Family
Berlin,Premium
Berlin,Family
Delhi,Premium
Los Angeles,Casual
Berlin,Casual
Berlin,Gen Z
New York,Premium
Berlin,Casual
Sydney,Casual
London,Sports fans
Berlin,Millennials
Berlin,Gen Z
Sydney,Gen Z
Tokyo,Family
Tokyo,Premium
Los Angeles,Family
London,Premium
Delhi,Gen Z
New York,Family
Bengaluru,Sports fans
Los Angeles,Gen Z
New York,Gen Z
Sydney,Gen Z
Delhi,Premium
Sydney,Gen Z
London,Gen Z
Tokyo,Casual
Tokyo,Millennials
Tokyo,Gen Z
Los Angeles,Millennials
Delhi,Sports fans
Los Angeles,Family
Los Angeles,Casual
Sydney,Premium
Mumbai,Premium
Los Angeles,Casual
Toronto,Millennials
Berlin,Family
Delhi,Gen Z
Delhi,Family
New York,Millennials
Mumbai,Gen Z
New York,Gen Z
Tokyo,Sports fans
New York,Premium
Bengaluru,Casual
Berlin,Casual
Sydney,Sports fans
Los Angeles,Family
New York,Family
Bengaluru,Premium
Delhi,Millennials
Mumbai,Sports fans
Delhi,Millennials
Delhi,Casual
London,Family
New York,Family
Sydney,Family
Los Angeles,Casual
Tokyo,Millennials
Toronto,Gen Z
Mumbai,Casual
London,Family
Bengaluru,Millennials
Mumbai,Gen Z
London,Millennials
New York,Casual
London,Millennials
Sydney,Casual
Bengaluru,Millennials
Los Angeles,Family
New York,Family
Mumbai,Family
Berlin,Casual
London,Casual
Sydney,Gen Z
Sydney,Family
Tokyo,Sports fans
Sydney,Casual
Tokyo,Casual
New York,Sports fans
London,Gen Z
Los Angeles,Gen Z
Bengaluru,Premium
Los Angeles,Family
Bengaluru,Family
Delhi,Sports fans
New York,Premium
Bengaluru,Family
Delhi,Sports fans
Tokyo,Casual
New York,Casual
London,Sports fans
New York,Family
Sydney,Gen Z
Bengaluru,Millennials
Sydney,Family
New York,Millennials
Los Angeles,Casual
Los Angeles,Gen Z
Mumbai,Millennials
London,Millennials
Bengaluru,Family
Los Angeles,Premium
Delhi,Premium
New York,Casual
London,Gen Z
Berlin,Family
Delhi,Millennials
Delhi,Gen Z
Tokyo,Casual
Mumbai,Premium
Mumbai,Millennials
New York,Sports fans
London,Family
Toronto,Casual
Bengaluru,Sports fans
Toronto,Premium
Los Angeles,Sports fans
Sydney,Gen Z
New York,Sports fans
Toronto,Sports fans
Bengaluru,Family
Berlin,Sports fans
Tokyo,Sports fans
Berlin,Gen Z
Berlin,Casual
Toronto,Family
Toronto,Sports fans
London,Family
Mumbai,Family
Bengaluru,Sports fans
Los Angeles,Family
Tokyo,Premium
Berlin,Family
Mumbai,Sports fans
Berlin,Sports fans
London,Premium
New York,Family
Sydney,Family
Berlin,Casual
Delhi,Sports fans
Berlin,Family
Sydney,Millennials
Delhi,Millennials
London,Sports fans
London,Gen Z
Sydney,Premium
Tokyo,Family
Sydney,Sports fans
New York,Family
Toronto,Sports fans
London,Family
Toronto,Gen Z
Los Angeles,Millennials
New York,Casual
Toronto,Gen Z
Mumbai,Premium
Mumbai,Premium
New York,Sports fans
Delhi,Sports fans
London,Sports fans
Sydney,Millennials
Berlin,Millennials
Sydney,Premium
Sydney,Family
Berlin,Gen Z
New York,Family
Sydney,Family
New York,Premium
Delhi,Casual
Sydney,Millennials
Tokyo,Gen Z
London,Family
Toronto,Family
Bengaluru,Sports fans
Berlin,Millennials
Los Angeles,Gen Z
Toronto,Sports fans
Berlin,Millennials
Delhi,Sports fans
Los Angeles,Gen Z
Sydney,Premium
Tokyo,Family
Bengaluru,Family
Sydney,Sports fans
Sydney,Premium
New York,Sports fans
Bengaluru,Premium
Los Angeles,Premium
Los Angeles,Family
Los Angeles,Family
Los Angeles,Millennials
Tokyo,Family
London,Sports fans
Mumbai,Sports fans
New York,Millennials
Los Angeles,Family
Tokyo,Premium
Toronto,Family
Los Angeles,Premium
New York,Family
New York,Family
Mumbai,Sports fans
New York,Sports fans
Bengaluru,Gen Z
New York,Premium
Berlin,Millennials
London,Millennials
Tokyo,Family
Tokyo,Casual
Berlin,Gen Z
Delhi,Family
Tokyo,Premium
Toronto,Gen Z
New York,Premium
Mumbai,Casual
Bengaluru,Gen Z
Sydney,Premium
Los Angeles,Millennials
New York,Millennials
New York,Premium
London,Millennials
Sydney,Casual
Tokyo,Family
Bengaluru,Sports fans
Bengaluru,Family
London,Casual
Sydney,Casual
London,Premium
Los Angeles,Premium
Tokyo,Gen Z
Berlin,Gen Z
London,Family
Bengaluru,Millennials
Berlin,Family
Los Angeles,Gen Z
Los Angeles,Millennials
Toronto,Gen Z
Mumbai,Sports fans
Tokyo,Premium
Tokyo,Sports fans
Berlin,Gen Z
Tokyo,Millennials
Los Angeles,Family
Sydney,Millennials
Toronto,Millennials
Bengaluru,Sports fans
Berlin,Casual
London,Family
New York,Gen Z
Tokyo,Premium
Sydney,Premium
New York,Family
Bengaluru,Family
Tokyo,Sports fans
Sydney,Casual
Sydney,Family
Delhi,Premium
Berlin,Premium
Sydney,Gen Z
Delhi,Gen Z
Bengaluru,Gen Z
Berlin,Sports fans
Delhi,Sports fans
Sydney,Family
Berlin,Family
Mumbai,Gen Z
London,Casual
Mumbai,Sports fans
New York,Gen Z
New York,Casual
Tokyo,Sports fans
Delhi,Family
Delhi,Millennials
Berlin,Casual
London,Premium
New York,Gen Z
Toronto,Family
Mumbai,Casual
New York,Premium
New York,Millennials
London,Premium
Berlin,Gen Z
Berlin,Gen Z
Mumbai,Premium
New York,Family
Mumbai,Gen Z
Sydney,Sports fans
Tokyo,Family
New York,Gen Z
Tokyo,Millennials
London,Premium
Mumbai,Sports fans
Los Angeles,Sports fans
Tokyo,Millennials
Tokyo,Gen Z
Mumbai,Millennials
Berlin,Family
London,Premium
London,Millennials
London,Gen Z
Sydney,Gen Z
New York,Millennials
Delhi,Casual
Sydney,Casual
Bengaluru,Gen Z
Sydney,Premium
Mumbai,Casual
Bengaluru,Premium
Mumbai,Gen Z
Mumbai,Casual
Bengaluru,Premium
Mumbai,Sports fans
Mumbai,Gen Z
Tokyo,Premium
Los Angeles,Sports fans
Delhi,Family
Bengaluru,Millennials
London,Gen Z
Berlin,Sports fans
Sydney,Family
New York,Sports fans
Tokyo,Millennials
Los Angeles,Premium
Bengaluru,Family
Mumbai,Family
New York,Family
Los Angeles,Premium
Delhi,Casual
London,Premium
Los Angeles,Millennials
Tokyo,Family
Mumbai,Sports fans
Sydney,Gen Z
Los Angeles,Casual
Sydney,Gen Z
Los Angeles,Millennials
Sydney,Family
Tokyo,Gen Z
Tokyo,Family
Tokyo,Family
Sydney,Family
Mumbai,Millennials
London,Sports fans
Delhi,Casual
Los Angeles,Millennials
New York,Millennials
Toronto,Family
New York,Sports fans
Los Angeles,Millennials
New York,Family
Toronto,Sports fans
Delhi,Family
London,Family
Sydney,Sports fans
Sydney,Premium
New York,Premium
Sydney,Gen Z
Sydney,Gen Z
Mumbai,Sports fans
New York,Sports fans
Bengaluru,Casual
London,Millennials
Los Angeles,Premium
Los Angeles,Casual
Delhi,Casual
London,Premium
Bengaluru,Gen Z
Tokyo,Family
Mumbai,Premium
Berlin,Casual
Los Angeles,Gen Z
Tokyo,Family
Delhi,Millennials
Toronto,Family
London,Family
Tokyo,Premium
Sydney,Gen Z
London,Gen Z
Tokyo,Premium
Toronto,Sports fans
London,Sports fans
Berlin,Sports fans
Delhi,Millennials
New York,Millennials
Toronto,Millennials
Los Angeles,Millennials
New York,Gen Z
Sydney,Gen Z
Bengaluru,Gen Z
London,Gen Z
New York,Casual
London,Millennials
Delhi,Premium
New York,Gen Z
Berlin,Casual
London,Sports fans
Delhi,Sports fans
Sydney,Family
Delhi,Family
Sydney,Gen Z
Sydney,Millennials
Mumbai,Millennials
London,Family
Mumbai,Gen Z
Toronto,Casual
London,Family
Los Angeles,Casual
Bengaluru,Premium
Toronto,Millennials
Mumbai,Family
Toronto,Sports fans
Toronto,Millennials
London,Family
Los Angeles,Millennials
Bengaluru,Family
London,Millennials
Mumbai,Casual
London,Family
Los Angeles,Premium
Los Angeles,Gen Z
Toronto,Millennials
Delhi,Gen Z
Mumbai,Premium
Berlin,Premium
Delhi,Premium
Delhi,Premium
Berlin,Gen Z
Berlin,Family
Bengaluru,Premium
New York,Premium
New York,Sports fans
New York,Premium
Mumbai,Millennials
Toronto,Millennials
Tokyo,Premium
Mumbai,Millennials
London,Premium
Tokyo,Gen Z
Mumbai,Premium
Bengaluru,Premium
Delhi,Family
Tokyo,Casual
Los Angeles,Premium
Bengaluru,Gen Z
Mumbai,Family
Berlin,Gen Z
Tokyo,Family
Toronto,Casual
Los Angeles,Sports fans
Berlin,Gen Z
Bengaluru,Millennials
New York,Gen Z
Berlin,Gen Z
Delhi,Family
Tokyo,Premium
London,Millennials
Bengaluru,Family
Sydney,Millennials
Mumbai,Casual
Tokyo,Family
Toronto,Sports fans
Bengaluru,Sports fans
London,Casual
Tokyo,Casual
London,Premium
Bengaluru,Casual
London,Family
Tokyo,Casual
Bengaluru,Premium
Los Angeles,Family
Bengaluru,Gen Z
London,Family
Berlin,Sports fans
Mumbai,Sports fans
Los Angeles,Family
Tokyo,Casual
Sydney,Casual
New York,Sports fans
Tokyo,Millennials
Toronto,Gen Z
Tokyo,Premium
Los Angeles,Premium
Berlin,Premium
Bengaluru,Family
Mumbai,Casual
Sydney,Premium
London,Premium
Toronto,Premium
Bengaluru,Premium
Tokyo,Family
Delhi,Gen Z
Los Angeles,Premium
Los Angeles,Family
Sydney,Casual
Berlin,Sports fans
Mumbai,Family
Bengaluru,Family
Los Angeles,Sports fans
Berlin,Family
Mumbai,Casual
Tokyo,Sports fans
Bengaluru,Family
Delhi,Casual
Delhi,Gen Z
Bengaluru,Premium
New York,Gen Z
London,Family
Los Angeles,Casual
New York,Gen Z
Los Angeles,Casual
New York,Premium
Bengaluru,Millennials
Berlin,Premium
London,Casual
New York,Casual
Berlin,Gen Z
Los Angeles,Millennials
Mumbai,Gen Z
Bengaluru,Premium
Bengaluru,Sports fans
New York,Sports fans
Los Angeles,Premium
Bengaluru,Millennials
Delhi,Casual
Mumbai,Sports fans
Los Angeles,Premium
Berlin,Casual
Toronto,Sports fans
Delhi,Millennials
Berlin,Sports fans
Tokyo,Sports fans
Los Angeles,Millennials
Tokyo,Millennials
Toronto,Gen Z
Los Angeles,Millennials
Delhi,Premium
London,Gen Z
Toronto,Sports fans
Mumbai,Millennials
Berlin,Millennials
New York,Sports fans
Toronto,Sports fans
Los Angeles,Sports fans
Mumbai,Sports fans
Mumbai,Gen Z
Bengaluru,Millennials
Toronto,Sports fans
Tokyo,Premium
Berlin,Millennials
Mumbai,Gen Z
Sydney,Gen Z
Toronto,Sports fans
Mumbai,Family
Mumbai,Family
Toronto,Millennials
New York,Family
Berlin,Millennials
Berlin,Gen Z
Tokyo,Casual
New York,Casual
Bengaluru,Gen Z
Los Angeles,Casual
Sydney,Gen Z
Bengaluru,Family
London,Sports fans
Bengaluru,Premium
Delhi,Family
Bengaluru,Sports fans
New York,Premium
New York,Family
Mumbai,Sports fans
Berlin,Millennials
Toronto,Sports fans
Toronto,Premium
Toronto,Casual
Sydney,Gen Z
Bengaluru,Family
Mumbai,Family
Berlin,Family
Tokyo,Gen Z
London,Gen Z
Mumbai,Family
Mumbai,Casual
Berlin,Sports fans
London,Gen Z
Tokyo,Gen Z
Berlin,Casual
Berlin,Sports fans
Tokyo,Casual
Bengaluru,Casual
New York,Family
New York,Sports fans
Mumbai,Sports fans
Sydney,Sports fans
Berlin,Family
Tokyo,Premium
Sydney,Family
Sydney,Gen Z
London,Family
New York,Gen Z
Mumbai,Family
Los Angeles,Sports fans
New York,Sports fans
Mumbai,Millennials
Berlin,Sports fans
Tokyo,Sports fans
Berlin,Millennials
New York,Sports fans
London,Family
Berlin,Family
Bengaluru,Millennials
London,Sports fans
London,Gen Z
Los Angeles,Gen Z
Tokyo,Millennials
Toronto,Gen Z
Tokyo,Sports fans
Berlin,Premium
Sydney,Casual
Mumbai,Family
Tokyo,Sports fans
London,Casual
New York,Gen Z
Tokyo,Casual
Toronto,Family
Toronto,Gen Z
Bengaluru,Family
Mumbai,Family
Delhi,Casual
Bengaluru,Millennials
Bengaluru,Sports fans
Mumbai,Family
Mumbai,Gen Z
Mumbai,Sports fans
Delhi,Sports fans
Mumbai,Family
Toronto,Millennials
London,Casual
Delhi,Sports fans
Tokyo,Family
London,Gen Z
London,Family
Mumbai,Family
Delhi,Sports fans
New York,Premium
Delhi,Gen Z
Delhi,Sports fans
London,Millennials
Los Angeles,Millennials
Tokyo,Millennials
Mumbai,Millennials
New York,Millennials
Mumbai,Sports fans
Los Angeles,Millennials
Toronto,Casual
Sydney,Millennials
Toronto,Sports fans
Mumbai,Premium
Mumbai,Premium
Berlin,Family
Los Angeles,Premium
Mumbai,Casual
Toronto,Gen Z
Delhi,Casual
New York,Gen Z
Tokyo,Family
Berlin,Gen Z
New York,Family
Mumbai,Millennials
Sydney,Family
Sydney,Sports fans
Bengaluru,Premium
Toronto,Millennials
Berlin,Millennials
Toronto,Gen Z
New York,Gen Z
London,Premium
Bengaluru,Family
Delhi,Premium
Berlin,Family
Los Angeles,Millennials
Delhi,Premium
Tokyo,Sports fans
Delhi,Premium
Mumbai,Millennials
London,Millennials
New York,Premium
Berlin,Casual
Bengaluru,Premium
London,Premium
Bengaluru,Casual
Toronto,Sports fans
Toronto,Sports fans
Mumbai,Millennials
Toronto,Millennials
Berlin,Gen Z
Sydney,Sports fans
Berlin,Sports fans
Los Angeles,Gen Z
Sydney,Premium
New York,Casual
London,Gen Z
Los Angeles,Premium
London,Casual
London,Millennials
New York,Sports fans
Toronto,Gen Z
Bengaluru,Gen Z
Los Angeles,Casual
Berlin,Millennials
Bengaluru,Gen Z
Los Angeles,Gen Z
New York,Sports fans
Delhi,Gen Z
Delhi,Gen Z
Tokyo,Gen Z
Bengaluru,Millennials
New York,Premium
New York,Gen Z
Delhi,Sports fans
Delhi,Millennials
London,Premium
Sydney,Family
Mumbai,Premium
Tokyo,Sports fans
London,Casual
New York,Premium
Mumbai,Gen Z
New York,Casual
Tokyo,Family
London,Premium
Toronto,Casual
Tokyo,Gen Z
Toronto,Gen Z
Bengaluru,Sports fans
Delhi,Premium
Tokyo,Millennials
New York,Sports fans
Delhi,Premium
London,Premium
Bengaluru,Millennials
Tokyo,Premium
Sydney,Family
Toronto,Premium
Berlin,Sports fans
Bengaluru,Sports fans
Los Angeles,Family
Tokyo,Premium
Delhi,Family
New York,Casual
London,Gen Z
London,Casual
Los Angeles,Family
Toronto,Premium
Berlin,Gen Z
Sydney,Casual
Mumbai,Sports fans
Los Angeles,Casual
Los Angeles,Premium
Sydney,Gen Z
Bengaluru,Premium
Berlin,Family
Toronto,Millennials
Mumbai,Millennials
New York,Premium
Tokyo,Family
Mumbai,Family
Tokyo,Premium
Los Angeles,Casual
New York,Family
London,Millennials
Tokyo,Casual
London,Premium
Sydney,Gen Z
Bengaluru,Gen Z
Delhi,Sports fans
London,Premium
Berlin,Sports fans
London,Gen Z
Los Angeles,Sports fans
Tokyo,Premium
New York,Casual
Bengaluru,Premium
Los Angeles,Gen Z
New York,Sports fans
Tokyo,Sports fans
New York,Premium
Bengaluru,Premium
Mumbai,Sports fans
New York,Millennials
London,Sports fans
New York,Millennials
Sydney,Premium
Tokyo,Casual
Delhi,Sports fans
Los Angeles,Gen Z
New York,Premium
Mumbai,Family
Toronto,Millennials
Bengaluru,Casual
Los Angeles,Sports fans
Toronto,Family
Mumbai,Gen Z
Delhi,Sports fans
New York,Millennials
Toronto,Family
Toronto,Gen Z
London,Gen Z
Sydney,Millennials
Bengaluru,Gen Z
Tokyo,Casual
Bengaluru,Casual
Toronto,Family
Berlin,Sports fans
New York,Gen Z
Sydney,Sports fans
London,Casual
Delhi,Sports fans
Sydney,Sports fans
Delhi,Casual
Delhi,Millennials
Tokyo,Gen Z
Bengaluru,Premium
Sydney,Casual
Mumbai,Premium
Sydney,Gen Z
Sydney,Gen Z
Sydney,Gen Z
Berlin,Casual
Mumbai,Gen Z
Los Angeles,Premium
Toronto,Premium
New York,Premium
Los Angeles,Premium
Tokyo,Sports fans
Delhi,Gen Z
Los Angeles,Sports fans
Mumbai,Family
Toronto,Family
Los Angeles,Family
Berlin,Premium
Sydney,Gen Z
Mumbai,Gen Z
Tokyo,Sports fans
Bengaluru,Millennials
Delhi,Sports fans
Los Angeles,Millennials
Sydney,Casual
Berlin,Gen Z
New York,Premium
Los Angeles,Premium
New York,Casual
Mumbai,Millennials
New York,Millennials
Sydney,Premium
Los Angeles,Casual
New York,Casual
Los Angeles,Gen Z
Sydney,Family
Los Angeles,Gen Z
Los Angeles,Sports fans
New York,Gen Z
Toronto,Sports fans
Delhi,Family
Tokyo,Sports fans
Berlin,Premium
Berlin,Casual
Mumbai,Premium
New York,Family
Mumbai,Family
London,Premium
Toronto,Sports fans
Mumbai,Casual
Berlin,Casual
Tokyo,Casual
Bengaluru,Sports fans
Toronto,Sports fans
Delhi,Gen Z
Mumbai,Sports fans
Sydney,Sports fans
Bengaluru,Family
Bengaluru,Family
Tokyo,Family
Mumbai,Millennials
Bengaluru,Millennials
Berlin,Sports fans
New York,Millennials
Bengaluru,Premium
Mumbai,Millennials
Mumbai,Premium
Toronto,Sports fans
Toronto,Family
Sydney,Casual
Berlin,Family
Delhi,Premium
Toronto,Sports fans
Tokyo,Premium
Delhi,Family
Tokyo,Casual
Toronto,Sports fans
Bengaluru,Premium
Tokyo,Casual
Delhi,Family
Sydney,Gen Z
Bengaluru,Sports fans
Mumbai,Premium
Mumbai,Family
Delhi,Family
London,Family
Bengaluru,Premium
Mumbai,Millennials
Toronto,Gen Z
Sydney,Sports fans
Bengaluru,Family
Los Angeles,Sports fans
Bengaluru,Sports fans
Delhi,Millennials
Berlin,Sports fans
Sydney,Premium
New York,Family
Mumbai,Family
Mumbai,Family
Toronto,Family
Tokyo,Millennials
New York,Sports fans
Toronto,Gen Z
Sydney,Casual
Mumbai,Millennials
Los Angeles,Casual
Sydney,Premium
Bengaluru,Gen Z
Delhi,Millennials
Bengaluru,Sports fans
Tokyo,Premium
Tokyo,Premium
New York,Casual
Los Angeles,Millennials
New York,Family
Toronto,Sports fans
Toronto,Millennials
Toronto,Sports fans
Mumbai,Gen Z
Toronto,Millennials
Toronto,Premium
London,Premium
Tokyo,Sports fans
Tokyo,Casual
London,Premium
New York,Sports fans
Mumbai,Millennials
New York,Millennials
Tokyo,Gen Z
Toronto,Family
New York,Gen Z
Toronto,Gen Z
New York,Casual
Sydney,Millennials
Berlin,Family
Berlin,Casual
Sydney,Premium
London,Sports fans
London,Millennials
Toronto,Family
Tokyo,Premium
London,Millennials
Toronto,Family
Tokyo,Premium
Berlin,Family
Berlin,Millennials
Delhi,Gen Z
Tokyo,Casual
Berlin,Millennials
Berlin,Millennials
Sydney,Casual
Toronto,Gen Z
London,Gen Z
London,Family
Bengaluru,Sports fans
New York,Millennials
Toronto,Casual
Los Angeles,Premium
Berlin,Gen Z
London,Family
Sydney,Millennials
Delhi,Millennials
Sydney,Family
Bengaluru,Millennials
Toronto,Family
Los Angeles,Millennials
Berlin,Casual
Mumbai,Family
Mumbai,Gen Z
Toronto,Premium
Toronto,Casual
London,Millennials
New York,Premium
Delhi,Premium
Toronto,Casual
Bengaluru,Millennials
Mumbai,Millennials
London,Gen Z
Tokyo,Family
Mumbai,Family
Mumbai,Casual
Los Angeles,Sports fans
Sydney,Premium
Delhi,Casual
Tokyo,Family
Delhi,Millennials
Los Angeles,Casual
London,Sports fans
Delhi,Sports fans
Berlin,Premium
Bengaluru,Premium
Bengaluru,Millennials
London,Sports fans
London,Gen Z
Mumbai,Millennials
Los Angeles,Family
Berlin,Family
Mumbai,Millennials
Berlin,Sports fans
Sydney,Family
Delhi,Gen Z
Los Angeles,Family
London,Sports fans
New York,Casual
Toronto,Premium
Delhi,Premium
Los Angeles,Millennials
New York,Premium
Delhi,Millennials
Sydney,Premium
Bengaluru,Premium
London,Gen Z
Mumbai,Premium
London,Family
Bengaluru,Gen Z
Delhi,Casual
Los Angeles,Sports fans
Bengaluru,Premium
Delhi,Premium
Mumbai,Sports fans
Delhi,Premium
